{
  "MLP": {
    "MSE": 3.7567274310160874,
    "MAE": 1.0649878166066657,
    "R2": 0.9885967698520732
  },
  "GradientBoosting": {
    "MSE": 3.401337527699329,
    "MAE": 1.0388030523114722,
    "R2": 0.9897947768647446
  }
}