{
  "Фиксированный (25 мм)": {
    "total_water": 2250.0,
    "avg_yield": 84.65384757751958,
    "water_efficiency": 3.3861539031007837
  },
  "Избыточный (40 мм)": {
    "total_water": 3600.0,
    "avg_yield": 54.44480089991233,
    "water_efficiency": 1.3611200224978082
  },
  "Недостаточный (15 мм)": {
    "total_water": 1350.0,
    "avg_yield": 57.62796573770361,
    "water_efficiency": 3.8418643825135743
  },
  "Адаптивный": {
    "total_water": 1971.8698848922786,
    "avg_yield": 76.34848799476221,
    "water_efficiency": 3.4846943868732874
  }
}