{
  "MLP": {
    "MSE": 4.130192632738674,
    "MAE": 1.1337366924498073,
    "R2": 0.9868697129581563
  },
  "Gradient Boosting": {
    "MSE": 3.268423675251707,
    "MAE": 1.0188612257647962,
    "R2": 0.9902494256640006
  }
}